{
    "controller0": [
        7,
        160,
        160,
        129.60000610351562,
        552.7999877929688,
        0,
        0,
        0,
        0,
        ""
    ],
    "controller1": [
        0,
        110,
        110,
        344.20001220703125,
        251.39999389648438,
        71,
        0,
        0,
        0,
        "G"
    ],
    "controller2": [
        4,
        140,
        140,
        540.4000244140625,
        459.6000061035156,
        90,
        68,
        71,
        67,
        ""
    ],
    "controller3": [
        0,
        90,
        90,
        684.5999755859375,
        215.8000030517578,
        220,
        0,
        0,
        0,
        "\\"
    ],
    "fileNmae": "测试.json",
    "setButtonDate": [
        40,
        40,
        20,
        372
    ]
}
